game_id,date,home_team,away_team,pred_home_score,pred_away_score,pred_spread,pred_spread_base,pred_total,vegas_spread,confidence,adjustments,predicted_winner
401812393,2026-01-25T18:00Z,New Haven Chargers,Saint Francis Red Flash,74.6,65.2,-9.4,-9.4,139.8,,0.95,enhanced_model,New Haven Chargers
401828195,2026-01-25T18:00Z,South Florida Bulls,Florida Atlantic Owls,87.0,84.0,-3.0,-3.0,171.0,-4.5,0.574,enhanced_model,South Florida Bulls
401817640,2026-01-25T19:00Z,IU Indianapolis Jaguars,Purdue Fort Wayne Mastodons,80.3,85.2,4.9,4.9,165.5,3.5,0.572,enhanced_model,Purdue Fort Wayne Mastodons
401820218,2026-01-25T19:00Z,Mercyhurst Lakers,Chicago State Cougars,73.4,59.3,-14.1,-14.1,132.7,-10.5,0.68,enhanced_model,Mercyhurst Lakers
401825470,2026-01-25T20:00Z,Washington Huskies,Oregon Ducks,78.8,72.8,-6.0,-6.0,151.7,-9.5,0.674,enhanced_model,Washington Huskies
401825471,2026-01-25T21:00Z,Wisconsin Badgers,USC Trojans,83.1,77.9,-5.1,-5.1,161.0,-7.5,0.618,enhanced_model,Wisconsin Badgers
401830280,2026-01-25T21:00Z,Evansville Purple Aces,Southern Illinois Salukis,70.1,73.4,3.3,3.3,143.5,2.5,0.542,enhanced_model,Southern Illinois Salukis
401812322,2026-01-26T23:00Z,Fairleigh Dickinson Knights,Le Moyne Dolphins,70.0,68.0,-2.0,-2.0,138.1,,0.599,enhanced_model,Fairleigh Dickinson Knights
401805178,2026-01-27T00:00Z,Tarleton State Texans,Abilene Christian Wildcats,79.6,69.8,-9.8,-9.8,149.4,,0.95,enhanced_model,Tarleton State Texans
401808713,2026-01-27T00:00Z,Lamar Cardinals,East Texas A&M Lions,76.4,62.1,-14.3,-14.3,138.6,,0.95,enhanced_model,Lamar Cardinals
401812370,2026-01-27T00:00Z,Long Island University Sharks,Wagner Seahawks,72.1,70.5,-1.6,-1.6,142.6,,0.582,enhanced_model,Long Island University Sharks
401812406,2026-01-27T00:00Z,Stonehill Skyhawks,Central Connecticut Blue Devils,67.4,74.0,6.6,6.6,141.5,,0.83,enhanced_model,Central Connecticut Blue Devils
401820698,2026-01-27T00:00Z,Duke Blue Devils,Louisville Cardinals,80.8,74.4,-6.4,-6.4,155.2,,0.819,enhanced_model,Duke Blue Devils
401822772,2026-01-27T00:00Z,Coppin State Eagles,Howard Bison,63.4,80.0,16.6,16.6,143.4,,0.95,enhanced_model,Howard Bison
401823049,2026-01-27T00:00Z,North Carolina Central Eagles,Maryland Eastern Shore Hawks,75.6,68.2,-7.4,-7.4,143.8,,0.872,enhanced_model,North Carolina Central Eagles
401825472,2026-01-27T00:00Z,Ohio State Buckeyes,Penn State Nittany Lions,81.4,70.7,-10.7,-10.7,152.1,,0.95,enhanced_model,Ohio State Buckeyes
401827053,2026-01-27T00:00Z,Prairie View A&M Panthers,Alabama A&M Bulldogs,80.3,75.7,-4.6,-4.6,156.0,,0.73,enhanced_model,Prairie View A&M Panthers
401827118,2026-01-27T00:00Z,Bethune-Cookman Wildcats,Alcorn State Braves,81.0,69.0,-12.0,-12.0,150.0,,0.95,enhanced_model,Bethune-Cookman Wildcats
401828665,2026-01-27T00:00Z,Florida A&M Rattlers,Jackson State Tigers,81.9,71.4,-10.5,-10.5,153.3,,0.95,enhanced_model,Florida A&M Rattlers
401828692,2026-01-27T00:00Z,Norfolk State Spartans,Morgan State Bears,79.2,68.6,-10.6,-10.6,147.9,,0.95,enhanced_model,Norfolk State Spartans
401808909,2026-01-27T00:30Z,Nicholls Colonels,New Orleans Privateers,84.6,71.4,-13.3,-13.3,156.0,,0.95,enhanced_model,Nicholls Colonels
401829286,2026-01-27T00:30Z,South Carolina State Bulldogs,Delaware State Hornets,68.5,70.8,2.3,2.3,139.3,,0.613,enhanced_model,Delaware State Hornets
401808980,2026-01-27T01:00Z,Texas A&M-Corpus Christi Islanders,UT Rio Grande Valley Vaqueros,73.7,65.1,-8.5,-8.5,138.8,,0.927,enhanced_model,Texas A&M-Corpus Christi Islanders
401820479,2026-01-27T01:00Z,Houston Christian Huskies,Incarnate Word Cardinals,65.4,72.5,7.1,7.1,137.9,,0.857,enhanced_model,Incarnate Word Cardinals
401827164,2026-01-27T01:00Z,Texas Southern Tigers,Alabama State Hornets,77.8,74.3,-3.5,-3.5,152.2,,0.676,enhanced_model,Texas Southern Tigers
401820816,2026-01-27T02:00Z,BYU Cougars,Arizona Wildcats,81.7,81.1,-0.6,-0.6,162.8,,0.528,enhanced_model,BYU Cougars
401808941,2026-01-27T21:00Z,Stephen F. Austin Lumberjacks,Northwestern State Demons,78.1,61.7,-16.3,-16.3,139.8,,0.95,enhanced_model,Stephen F. Austin Lumberjacks
401820704,2026-01-27T23:00Z,Pittsburgh Panthers,Wake Forest Demon Deacons,74.8,74.0,-0.7,-0.7,148.8,,0.536,enhanced_model,Pittsburgh Panthers
401825475,2026-01-27T23:30Z,Rutgers Scarlet Knights,Michigan State Spartans,66.1,79.3,13.3,13.3,145.4,,0.95,enhanced_model,Michigan State Spartans
401808201,2026-01-28T00:00Z,Georgia Bulldogs,Tennessee Volunteers,87.4,81.1,-6.3,-6.3,168.5,,0.817,enhanced_model,Georgia Bulldogs
401808206,2026-01-28T00:00Z,Oklahoma Sooners,Arkansas Razorbacks,86.2,82.9,-3.3,-3.3,169.1,,0.667,enhanced_model,Oklahoma Sooners
401808880,2026-01-28T00:00Z,SE Louisiana Lions,McNeese Cowboys,65.0,76.5,11.5,11.5,141.6,,0.95,enhanced_model,McNeese Cowboys
401814540,2026-01-28T00:00Z,Bowling Green Falcons,Buffalo Bulls,86.5,75.5,-11.0,-11.0,161.9,,0.95,enhanced_model,Bowling Green Falcons
401814541,2026-01-28T00:00Z,Central Michigan Chippewas,Eastern Michigan Eagles,74.0,75.3,1.3,1.3,149.2,,0.563,enhanced_model,Eastern Michigan Eagles
401814542,2026-01-28T00:00Z,Kent State Golden Flashes,Ohio Bobcats,85.6,79.3,-6.3,-6.3,165.0,,0.816,enhanced_model,Kent State Golden Flashes
401814544,2026-01-28T00:00Z,Akron Zips,Toledo Rockets,93.7,80.4,-13.4,-13.4,174.1,,0.95,enhanced_model,Akron Zips
401820702,2026-01-28T00:00Z,NC State Wolfpack,Syracuse Orange,79.7,70.5,-9.2,-9.2,150.2,,0.95,enhanced_model,NC State Wolfpack
401820703,2026-01-28T00:00Z,Notre Dame Fighting Irish,Virginia Cavaliers,67.8,74.9,7.1,7.1,142.7,,0.853,enhanced_model,Virginia Cavaliers
401825474,2026-01-28T00:00Z,Michigan Wolverines,Nebraska Cornhuskers,81.7,73.3,-8.4,-8.4,155.0,,0.919,enhanced_model,Michigan Wolverines
401827027,2026-01-28T00:00Z,Southern Jaguars,Mississippi Valley State Delta Devils,88.6,61.9,-26.7,-26.7,150.5,,0.95,enhanced_model,Southern Jaguars
401827647,2026-01-28T00:00Z,UCF Knights,Arizona State Sun Devils,85.7,78.3,-7.4,-7.4,164.0,,0.87,enhanced_model,UCF Knights
401828393,2026-01-28T00:00Z,Dayton Flyers,Rhode Island Rams,72.0,64.6,-7.4,-7.4,136.6,,0.869,enhanced_model,Dayton Flyers
401828396,2026-01-28T00:00Z,VCU Rams,Richmond Spiders,84.8,73.5,-11.4,-11.4,158.3,,0.95,enhanced_model,VCU Rams
401822918,2026-01-28T00:30Z,UConn Huskies,Providence Friars,82.6,70.4,-12.2,-12.2,153.1,,0.95,enhanced_model,UConn Huskies
401827099,2026-01-28T00:30Z,Grambling Tigers,Arkansas-Pine Bluff Golden Lions,79.6,74.9,-4.7,-4.7,154.5,,0.737,enhanced_model,Grambling Tigers
401814545,2026-01-28T01:00Z,Northern Illinois Huskies,Western Michigan Broncos,79.8,77.0,-2.8,-2.8,156.8,,0.638,enhanced_model,Northern Illinois Huskies
401820699,2026-01-28T01:00Z,Virginia Tech Hokies,Georgia Tech Yellow Jackets,81.2,74.1,-7.0,-7.0,155.3,,0.852,enhanced_model,Virginia Tech Hokies
401828394,2026-01-28T01:00Z,Saint Louis Billikens,George Washington Revolutionaries,87.3,75.0,-12.3,-12.3,162.2,,0.95,enhanced_model,Saint Louis Billikens
401830281,2026-01-28T01:00Z,UIC Flames,Indiana State Sycamores,77.8,72.4,-5.3,-5.3,150.2,,0.767,enhanced_model,UIC Flames
401806458,2026-01-28T01:30Z,Tennessee State Tigers,Tennessee Tech Golden Eagles,82.9,72.6,-10.3,-10.3,155.5,,0.95,enhanced_model,Tennessee State Tigers
401827648,2026-01-28T01:30Z,West Virginia Mountaineers,Kansas State Wildcats,77.9,72.1,-5.8,-5.8,150.1,,0.788,enhanced_model,West Virginia Mountaineers
401808204,2026-01-28T02:00Z,Alabama Crimson Tide,Missouri Tigers,90.1,81.7,-8.4,-8.4,171.8,,0.92,enhanced_model,Alabama Crimson Tide
401808205,2026-01-28T02:00Z,Vanderbilt Commodores,Kentucky Wildcats,84.7,78.9,-5.9,-5.9,163.6,,0.794,enhanced_model,Vanderbilt Commodores
401814543,2026-01-28T02:00Z,Miami (OH) RedHawks,Massachusetts Minutemen,90.7,75.8,-14.9,-14.9,166.5,,0.95,enhanced_model,Miami (OH) RedHawks
401825473,2026-01-28T02:00Z,Indiana Hoosiers,Purdue Boilermakers,74.0,77.0,2.9,2.9,151.0,,0.647,enhanced_model,Purdue Boilermakers
401828395,2026-01-28T02:00Z,Loyola Chicago Ramblers,Saint Joseph's Hawks,68.2,73.7,5.5,5.5,141.9,,0.775,enhanced_model,Saint Joseph's Hawks
401822917,2026-01-28T02:30Z,Marquette Golden Eagles,Creighton Bluejays,74.5,79.1,4.5,4.5,153.6,,0.727,enhanced_model,Creighton Bluejays
401823826,2026-01-28T03:00Z,San José State Spartans,Boise State Broncos,73.7,77.0,3.4,3.4,150.7,,0.668,enhanced_model,Boise State Broncos
401823798,2026-01-28T03:30Z,Nevada Wolf Pack,Grand Canyon Lopes,74.5,70.9,-3.7,-3.7,145.4,,0.684,enhanced_model,Nevada Wolf Pack
401830322,2026-01-28T04:00Z,UNLV Rebels,New Mexico Lobos,72.3,76.5,4.2,4.2,148.8,,0.712,enhanced_model,New Mexico Lobos
401826827,2026-01-28T23:00Z,Army Black Knights,Lehigh Mountain Hawks,80.5,75.4,-5.1,-5.1,155.9,,0.755,enhanced_model,Army Black Knights
401827649,2026-01-28T23:30Z,Cincinnati Bearcats,Baylor Bears,75.0,76.9,1.9,1.9,151.8,,0.596,enhanced_model,Baylor Bears
401804904,2026-01-29T00:00Z,Kennesaw State Owls,Western Kentucky Hilltoppers,85.6,77.7,-7.9,-7.9,163.3,,0.894,enhanced_model,Kennesaw State Owls
401804906,2026-01-29T00:00Z,Florida International Panthers,Jacksonville State Gamecocks,77.5,74.7,-2.8,-2.8,152.2,,0.64,enhanced_model,Florida International Panthers
401807709,2026-01-29T00:00Z,Eastern Kentucky Colonels,Austin Peay Governors,77.9,80.5,2.6,2.6,158.3,,0.63,enhanced_model,Austin Peay Governors
401807711,2026-01-29T00:00Z,Bellarmine Knights,West Georgia Wolves,81.5,78.1,-3.5,-3.5,159.6,,0.674,enhanced_model,Bellarmine Knights
401808200,2026-01-29T00:00Z,Auburn Tigers,Texas Longhorns,84.3,82.9,-1.5,-1.5,167.2,,0.573,enhanced_model,Auburn Tigers
401808202,2026-01-29T00:00Z,LSU Tigers,Mississippi State Bulldogs,84.6,75.5,-9.1,-9.1,160.1,,0.95,enhanced_model,LSU Tigers
401817641,2026-01-29T00:00Z,Robert Morris Colonials,IU Indianapolis Jaguars,88.9,80.4,-8.5,-8.5,169.3,,0.927,enhanced_model,Robert Morris Colonials
401817642,2026-01-29T00:00Z,Purdue Fort Wayne Mastodons,Oakland Golden Grizzlies,81.9,77.4,-4.4,-4.4,159.3,,0.721,enhanced_model,Purdue Fort Wayne Mastodons
401820168,2026-01-29T00:00Z,Boston University Terriers,Navy Midshipmen,67.4,72.9,5.5,5.5,140.3,,0.775,enhanced_model,Navy Midshipmen
401820201,2026-01-29T00:00Z,Loyola Maryland Greyhounds,American University Eagles,71.6,74.9,3.3,3.3,146.5,,0.666,enhanced_model,American University Eagles
401820700,2026-01-29T00:00Z,Florida State Seminoles,California Golden Bears,77.0,81.9,4.9,4.9,158.9,,0.743,enhanced_model,California Golden Bears
401822919,2026-01-29T00:00Z,St. John's Red Storm,Butler Bulldogs,85.4,75.5,-9.9,-9.9,160.9,,0.95,enhanced_model,St. John's Red Storm
401824390,2026-01-29T00:00Z,Colgate Raiders,Holy Cross Crusaders,75.7,66.6,-9.1,-9.1,142.3,,0.95,enhanced_model,Colgate Raiders
401825476,2026-01-29T00:00Z,Iowa Hawkeyes,USC Trojans,77.9,68.3,-9.6,-9.6,146.2,,0.95,enhanced_model,Iowa Hawkeyes
401828198,2026-01-29T00:00Z,Temple Owls,Charlotte 49ers,77.9,67.6,-10.3,-10.3,145.5,,0.95,enhanced_model,Temple Owls
401828199,2026-01-29T00:00Z,East Carolina Pirates,Rice Owls,72.7,75.5,2.8,2.8,148.2,,0.641,enhanced_model,Rice Owls
401828397,2026-01-29T00:00Z,George Mason Patriots,Davidson Wildcats,76.0,64.8,-11.2,-11.2,140.8,,0.95,enhanced_model,George Mason Patriots
401828398,2026-01-29T00:00Z,Duquesne Dukes,St. Bonaventure Bonnies,79.2,74.3,-4.8,-4.8,153.5,,0.742,enhanced_model,Duquesne Dukes
401828399,2026-01-29T00:00Z,Fordham Rams,La Salle Explorers,75.7,62.0,-13.7,-13.7,137.8,,0.95,enhanced_model,Fordham Rams
401829398,2026-01-29T00:00Z,Lafayette Leopards,Bucknell Bison,73.8,66.5,-7.3,-7.3,140.4,,0.866,enhanced_model,Lafayette Leopards
401830284,2026-01-29T00:00Z,Southern Illinois Salukis,Northern Iowa Panthers,65.0,67.7,2.7,2.7,132.8,,0.635,enhanced_model,Northern Iowa Panthers
401822921,2026-01-29T00:30Z,Seton Hall Pirates,Xavier Musketeers,73.8,70.0,-3.8,-3.8,143.8,,0.69,enhanced_model,Seton Hall Pirates
401830282,2026-01-29T00:30Z,Drake Bulldogs,Evansville Purple Aces,76.5,63.2,-13.3,-13.3,139.7,,0.95,enhanced_model,Drake Bulldogs
401804903,2026-01-29T01:00Z,Missouri State Bears,Sam Houston Bearkats,75.5,77.5,2.0,2.0,153.0,,0.599,enhanced_model,Sam Houston Bearkats
401808641,2026-01-29T01:00Z,Arkansas State Red Wolves,Old Dominion Monarchs,85.0,75.9,-9.1,-9.1,161.0,,0.95,enhanced_model,Arkansas State Red Wolves
401808642,2026-01-29T01:00Z,Texas State Bobcats,Marshall Thundering Herd,75.5,76.3,0.9,0.9,151.8,,0.543,enhanced_model,Marshall Thundering Herd
401818401,2026-01-29T01:00Z,Omaha Mavericks,South Dakota State Jackrabbits,76.8,76.8,-0.0,-0.0,153.6,,0.502,enhanced_model,Omaha Mavericks
401818402,2026-01-29T01:00Z,Kansas City Roos,Denver Pioneers,80.3,87.1,6.8,6.8,167.5,,0.838,enhanced_model,Denver Pioneers
401828197,2026-01-29T01:00Z,UTSA Roadrunners,UAB Blazers,72.1,86.5,14.4,14.4,158.6,,0.95,enhanced_model,UAB Blazers
401828200,2026-01-29T01:00Z,Tulsa Golden Hurricane,North Texas Mean Green,77.5,67.5,-9.9,-9.9,145.0,,0.95,enhanced_model,Tulsa Golden Hurricane
401830208,2026-01-29T01:00Z,Valparaiso Beacons,Belmont Bruins,71.1,74.7,3.7,3.7,145.8,,0.683,enhanced_model,Belmont Bruins
401822920,2026-01-29T01:30Z,Georgetown Hoyas,DePaul Blue Demons,75.5,71.7,-3.8,-3.8,147.2,,0.691,enhanced_model,Georgetown Hoyas
401804902,2026-01-29T02:00Z,UTEP Miners,Louisiana Tech Bulldogs,62.7,67.4,4.7,4.7,130.2,,0.737,enhanced_model,Louisiana Tech Bulldogs
401804905,2026-01-29T02:00Z,New Mexico State Aggies,Delaware Blue Hens,77.5,61.8,-15.7,-15.7,139.3,,0.95,enhanced_model,New Mexico State Aggies
401808203,2026-01-29T02:00Z,South Carolina Gamecocks,Florida Gators,77.2,82.4,5.2,5.2,159.6,,0.758,enhanced_model,Florida Gators
401820701,2026-01-29T02:00Z,Miami Hurricanes,Stanford Cardinal,81.8,70.0,-11.7,-11.7,151.8,,0.95,enhanced_model,Miami Hurricanes
401825478,2026-01-29T02:00Z,Wisconsin Badgers,Minnesota Golden Gophers,78.5,71.7,-6.8,-6.8,150.2,,0.841,enhanced_model,Wisconsin Badgers
401827650,2026-01-29T02:00Z,TCU Horned Frogs,Houston Cougars,67.6,73.2,5.5,5.5,140.8,,0.776,enhanced_model,Houston Cougars
401828201,2026-01-29T02:00Z,Tulane Green Wave,South Florida Bulls,78.3,81.2,2.8,2.8,159.5,,0.641,enhanced_model,South Florida Bulls
401829219,2026-01-29T02:00Z,Pepperdine Waves,San Diego Toreros,71.7,74.7,2.9,2.9,146.4,,0.647,enhanced_model,San Diego Toreros
401830283,2026-01-29T02:00Z,Murray State Racers,Illinois State Redbirds,78.5,78.5,-0.0,-0.0,157.0,,0.502,enhanced_model,Murray State Racers
401830824,2026-01-29T02:00Z,Utah State Aggies,Wyoming Cowboys,81.7,68.4,-13.3,-13.3,150.2,,0.95,enhanced_model,Utah State Aggies
401829221,2026-01-29T02:30Z,Washington State Cougars,Seattle U Redhawks,69.9,72.5,2.6,2.6,142.4,,0.631,enhanced_model,Seattle U Redhawks
401829217,2026-01-29T03:00Z,Loyola Marymount Lions,Oregon State Beavers,74.3,69.7,-4.5,-4.5,144.0,,0.727,enhanced_model,Loyola Marymount Lions
401829218,2026-01-29T03:00Z,Pacific Tigers,Portland Pilots,79.4,70.1,-9.3,-9.3,149.6,,0.95,enhanced_model,Pacific Tigers
401830830,2026-01-29T03:30Z,San Diego State Aztecs,Colorado State Rams,78.4,70.0,-8.3,-8.3,148.4,,0.915,enhanced_model,San Diego State Aztecs
401825477,2026-01-29T04:00Z,Oregon Ducks,UCLA Bruins,71.2,74.7,3.5,3.5,146.0,,0.675,enhanced_model,UCLA Bruins
401829220,2026-01-29T04:00Z,Santa Clara Broncos,San Francisco Dons,79.7,71.1,-8.6,-8.6,150.7,,0.931,enhanced_model,Santa Clara Broncos
401809345,2026-01-29T22:00Z,Furman Paladins,Samford Bulldogs,78.8,72.7,-6.2,-6.2,151.5,,0.808,enhanced_model,Furman Paladins
401812134,2026-01-29T23:00Z,Binghamton Bearcats,Bryant Bulldogs,67.7,67.6,-0.2,-0.2,135.3,,0.509,enhanced_model,Binghamton Bearcats
401812136,2026-01-29T23:00Z,New Hampshire Wildcats,UMass Lowell River Hawks,73.3,74.5,1.1,1.1,147.8,,0.557,enhanced_model,UMass Lowell River Hawks
401812137,2026-01-29T23:30Z,UAlbany Great Danes,NJIT Highlanders,76.7,67.3,-9.4,-9.4,144.0,,0.95,enhanced_model,UAlbany Great Danes
401823926,2026-01-29T23:30Z,UNC Asheville Bulldogs,Gardner-Webb Runnin' Bulldogs,84.4,70.0,-14.5,-14.5,154.4,,0.95,enhanced_model,UNC Asheville Bulldogs
401804901,2026-01-30T00:00Z,Middle Tennessee Blue Raiders,Liberty Flames,69.8,71.8,2.0,2.0,141.6,,0.602,enhanced_model,Liberty Flames
401807712,2026-01-30T00:00Z,Jacksonville Dolphins,Lipscomb Bisons,72.8,77.0,4.3,4.3,149.8,,0.714,enhanced_model,Lipscomb Bisons
401807713,2026-01-30T00:00Z,Florida Gulf Coast Eagles,North Alabama Lions,82.2,74.6,-7.6,-7.6,156.8,,0.879,enhanced_model,Florida Gulf Coast Eagles
401807714,2026-01-30T00:00Z,North Florida Ospreys,Stetson Hatters,84.9,84.7,-0.2,-0.2,169.6,,0.512,enhanced_model,North Florida Ospreys
401808647,2026-01-30T00:00Z,Troy Trojans,James Madison Dukes,86.9,71.6,-15.4,-15.4,158.5,,0.95,enhanced_model,Troy Trojans
401809343,2026-01-30T00:00Z,Chattanooga Mocs,Wofford Terriers,80.2,74.3,-5.9,-5.9,154.5,,0.793,enhanced_model,Chattanooga Mocs
401809344,2026-01-30T00:00Z,East Tennessee State Buccaneers,Western Carolina Catamounts,82.8,68.6,-14.2,-14.2,151.4,,0.95,enhanced_model,East Tennessee State Buccaneers
401809346,2026-01-30T00:00Z,Mercer Bears,UNC Greensboro Spartans,85.7,77.4,-8.3,-8.3,163.1,,0.915,enhanced_model,Mercer Bears
401809347,2026-01-30T00:00Z,The Citadel Bulldogs,VMI Keydets,73.0,72.7,-0.3,-0.3,145.7,,0.513,enhanced_model,The Citadel Bulldogs
401812036,2026-01-30T00:00Z,Hofstra Pride,Charleston Cougars,78.1,69.9,-8.2,-8.2,147.9,,0.911,enhanced_model,Hofstra Pride
401812038,2026-01-30T00:00Z,Monmouth Hawks,North Carolina A&T Aggies,73.4,71.2,-2.2,-2.2,144.7,,0.609,enhanced_model,Monmouth Hawks
401812039,2026-01-30T00:00Z,Drexel Dragons,Hampton Pirates,66.1,62.6,-3.5,-3.5,128.7,,0.677,enhanced_model,Drexel Dragons
401812040,2026-01-30T00:00Z,Elon Phoenix,William & Mary Tribe,83.3,80.5,-2.8,-2.8,163.7,,0.641,enhanced_model,Elon Phoenix
401812041,2026-01-30T00:00Z,Campbell Fighting Camels,Stony Brook Seawolves,79.0,73.1,-5.9,-5.9,152.2,,0.796,enhanced_model,Campbell Fighting Camels
401812135,2026-01-30T00:00Z,Vermont Catamounts,UMBC Retrievers,73.2,69.2,-4.0,-4.0,142.4,,0.701,enhanced_model,Vermont Catamounts
401812323,2026-01-30T00:00Z,Stonehill Skyhawks,Fairleigh Dickinson Knights,68.2,66.6,-1.6,-1.6,134.8,,0.578,enhanced_model,Stonehill Skyhawks
401812341,2026-01-30T00:00Z,Long Island University Sharks,Le Moyne Dolphins,72.9,68.9,-3.9,-3.9,141.8,,0.696,enhanced_model,Long Island University Sharks
401812394,2026-01-30T00:00Z,Chicago State Cougars,Saint Francis Red Flash,73.6,74.5,1.0,1.0,148.1,,0.549,enhanced_model,Saint Francis Red Flash
401820219,2026-01-30T00:00Z,Mercyhurst Lakers,New Haven Chargers,64.6,60.4,-4.2,-4.2,125.0,,0.71,enhanced_model,Mercyhurst Lakers
401823927,2026-01-30T00:00Z,South Carolina Upstate Spartans,Longwood Lancers,76.0,76.6,0.6,0.6,152.6,,0.53,enhanced_model,Longwood Lancers
401823929,2026-01-30T00:00Z,Charleston Southern Buccaneers,Radford Highlanders,86.5,82.3,-4.1,-4.1,168.8,,0.707,enhanced_model,Charleston Southern Buccaneers
401827651,2026-01-30T00:00Z,Iowa State Cyclones,Colorado Buffaloes,83.8,67.9,-15.9,-15.9,151.7,,0.95,enhanced_model,Iowa State Cyclones
401806462,2026-01-30T00:30Z,Morehead State Eagles,SIU Edwardsville Cougars,70.3,73.7,3.5,3.5,144.0,,0.674,enhanced_model,SIU Edwardsville Cougars
401808646,2026-01-30T00:30Z,UL Monroe Warhawks,Georgia Southern Eagles,76.1,85.2,9.1,9.1,161.3,,0.95,enhanced_model,Georgia Southern Eagles
401812414,2026-01-30T00:30Z,Wagner Seahawks,Central Connecticut Blue Devils,72.0,73.7,1.7,1.7,145.8,,0.584,enhanced_model,Central Connecticut Blue Devils
401805181,2026-01-30T01:00Z,Abilene Christian Wildcats,Utah Tech Trailblazers,70.9,72.3,1.4,1.4,143.3,,0.569,enhanced_model,Utah Tech Trailblazers
401805182,2026-01-30T01:00Z,Tarleton State Texans,Utah Valley Wolverines,76.3,79.9,3.6,3.6,156.2,,0.678,enhanced_model,Utah Valley Wolverines
401805183,2026-01-30T01:00Z,UT Arlington Mavericks,Southern Utah Thunderbirds,76.4,68.7,-7.7,-7.7,145.0,,0.885,enhanced_model,UT Arlington Mavericks
401808460,2026-01-30T01:00Z,Northern Arizona Lumberjacks,Eastern Washington Eagles,77.8,72.4,-5.4,-5.4,150.3,,0.769,enhanced_model,Northern Arizona Lumberjacks
401808643,2026-01-30T01:00Z,Southern Miss Golden Eagles,App State Mountaineers,68.5,72.4,3.9,3.9,140.8,,0.697,enhanced_model,App State Mountaineers
401808644,2026-01-30T01:00Z,South Alabama Jaguars,Coastal Carolina Chanticleers,75.0,66.2,-8.8,-8.8,141.2,,0.942,enhanced_model,South Alabama Jaguars
401808645,2026-01-30T01:00Z,Louisiana Ragin' Cajuns,Georgia State Panthers,65.3,69.7,4.4,4.4,134.9,,0.72,enhanced_model,Georgia State Panthers
401818403,2026-01-30T01:00Z,St. Thomas-Minnesota Tommies,North Dakota Fighting Hawks,84.8,72.4,-12.5,-12.5,157.2,,0.95,enhanced_model,St. Thomas-Minnesota Tommies
401818404,2026-01-30T01:00Z,South Dakota Coyotes,Oral Roberts Golden Eagles,84.6,77.7,-6.9,-6.9,162.3,,0.845,enhanced_model,South Dakota Coyotes
401825480,2026-01-30T01:00Z,Northwestern Wildcats,Penn State Nittany Lions,76.0,70.8,-5.2,-5.2,146.8,,0.758,enhanced_model,Northwestern Wildcats
401828202,2026-01-30T01:00Z,Memphis Tigers,Florida Atlantic Owls,74.6,78.7,4.1,4.1,153.2,,0.706,enhanced_model,Florida Atlantic Owls
401806461,2026-01-30T01:30Z,Tennessee State Tigers,Little Rock Trojans,82.1,73.6,-8.5,-8.5,155.7,,0.926,enhanced_model,Tennessee State Tigers
401806463,2026-01-30T01:30Z,Western Illinois Leathernecks,Southeast Missouri State Redhawks,66.8,73.0,6.2,6.2,139.9,,0.81,enhanced_model,Southeast Missouri State Redhawks
401822363,2026-01-30T01:30Z,Eastern Illinois Panthers,UT Martin Skyhawks,62.6,69.9,7.2,7.2,132.5,,0.861,enhanced_model,UT Martin Skyhawks
401808477,2026-01-30T02:00Z,Northern Colorado Bears,Idaho Vandals,81.7,79.7,-2.0,-2.0,161.5,,0.601,enhanced_model,Northern Colorado Bears
401812037,2026-01-30T02:00Z,Towson Tigers,UNC Wilmington Seahawks,66.7,71.2,4.5,4.5,138.0,,0.726,enhanced_model,UNC Wilmington Seahawks
401823928,2026-01-30T02:00Z,High Point Panthers,Presbyterian Blue Hose,85.7,68.1,-17.6,-17.6,153.9,,0.95,enhanced_model,High Point Panthers
401825479,2026-01-30T02:00Z,Illinois Fighting Illini,Washington Huskies,83.5,70.1,-13.4,-13.4,153.5,,0.95,enhanced_model,Illinois Fighting Illini
401809159,2026-01-30T02:30Z,Cal State Bakersfield Roadrunners,Cal Poly Mustangs,82.3,79.9,-2.4,-2.4,162.1,,0.621,enhanced_model,Cal State Bakersfield Roadrunners
401808506,2026-01-30T03:00Z,Portland State Vikings,Montana Grizzlies,81.4,71.2,-10.2,-10.2,152.5,,0.95,enhanced_model,Portland State Vikings
401808517,2026-01-30T03:00Z,Sacramento State Hornets,Montana State Bobcats,75.0,82.5,7.5,7.5,157.5,,0.876,enhanced_model,Montana State Bobcats
401809094,2026-01-30T03:00Z,UC San Diego Tritons,UC Santa Barbara Gauchos,78.5,71.2,-7.3,-7.3,149.7,,0.867,enhanced_model,UC San Diego Tritons
401809130,2026-01-30T03:00Z,Cal State Northridge Matadors,UC Davis Aggies,81.8,80.6,-1.2,-1.2,162.4,,0.562,enhanced_model,Cal State Northridge Matadors
401823338,2026-01-30T03:00Z,UC Riverside Highlanders,Long Beach State Beach,74.0,78.5,4.5,4.5,152.6,,0.724,enhanced_model,Long Beach State Beach
401809113,2026-01-30T04:00Z,UC Irvine Anteaters,Hawai'i Rainbow Warriors,71.9,70.7,-1.2,-1.2,142.7,,0.559,enhanced_model,UC Irvine Anteaters
401814549,2026-01-30T23:00Z,Akron Zips,Kent State Golden Flashes,93.5,82.1,-11.4,-11.4,175.6,,0.95,enhanced_model,Akron Zips
401826866,2026-01-30T23:00Z,Cornell Big Red,Princeton Tigers,87.2,77.8,-9.3,-9.3,165.0,,0.95,enhanced_model,Cornell Big Red
401813390,2026-01-30T23:30Z,Niagara Purple Eagles,Siena Saints,61.1,68.0,6.9,6.9,129.1,,0.844,enhanced_model,Siena Saints
401817643,2026-01-30T23:30Z,Youngstown State Penguins,IU Indianapolis Jaguars,88.9,77.5,-11.5,-11.5,166.4,,0.95,enhanced_model,Youngstown State Penguins
401812590,2026-01-31T00:00Z,Columbia Lions,Pennsylvania Quakers,81.5,72.3,-9.2,-9.2,153.8,,0.95,enhanced_model,Columbia Lions
401812617,2026-01-31T00:00Z,Brown Bears,Harvard Crimson,74.0,64.9,-9.1,-9.1,138.9,,0.95,enhanced_model,Brown Bears
401813304,2026-01-31T00:00Z,Manhattan Jaspers,Rider Broncs,73.5,67.9,-5.7,-5.7,141.4,,0.784,enhanced_model,Manhattan Jaspers
401813337,2026-01-31T00:00Z,Canisius Golden Griffins,Marist Red Foxes,57.5,71.3,13.8,13.8,128.8,,0.95,enhanced_model,Marist Red Foxes
401817644,2026-01-31T00:00Z,Detroit Mercy Titans,Northern Kentucky Norse,79.2,83.2,3.9,3.9,162.4,,0.697,enhanced_model,Northern Kentucky Norse
401817646,2026-01-31T00:00Z,Green Bay Phoenix,Cleveland State Vikings,81.7,74.8,-6.9,-6.9,156.5,,0.847,enhanced_model,Green Bay Phoenix
401818311,2026-01-31T00:00Z,Yale Bulldogs,Dartmouth Big Green,85.7,74.0,-11.6,-11.6,159.7,,0.95,enhanced_model,Yale Bulldogs
401820590,2026-01-31T00:00Z,Quinnipiac Bobcats,Sacred Heart Pioneers,78.4,69.5,-8.9,-8.9,147.9,,0.945,enhanced_model,Quinnipiac Bobcats
401822922,2026-01-31T00:00Z,Villanova Wildcats,Providence Friars,84.6,76.5,-8.2,-8.2,161.1,,0.908,enhanced_model,Villanova Wildcats
401823317,2026-01-31T00:00Z,Iona Gaels,Fairfield Stags,72.0,74.2,2.2,2.2,146.2,,0.612,enhanced_model,Fairfield Stags
401813414,2026-01-31T01:00Z,Saint Peter's Peacocks,Mount St. Mary's Mountaineers,73.6,60.7,-12.8,-12.8,134.3,,0.95,enhanced_model,Saint Peter's Peacocks
401817645,2026-01-31T01:00Z,Milwaukee Panthers,Wright State Raiders,77.2,79.5,2.3,2.3,156.6,,0.615,enhanced_model,Wright State Raiders
401825481,2026-01-31T01:00Z,Michigan State Spartans,Michigan Wolverines,76.8,78.0,1.3,1.3,154.8,,0.563,enhanced_model,Michigan Wolverines
401828400,2026-01-31T01:00Z,Saint Louis Billikens,Dayton Flyers,83.3,68.4,-14.9,-14.9,151.8,,0.95,enhanced_model,Saint Louis Billikens
401823799,2026-01-31T02:00Z,Grand Canyon Lopes,Boise State Broncos,78.5,72.0,-6.4,-6.4,150.5,,0.821,enhanced_model,Grand Canyon Lopes
401828401,2026-01-31T02:00Z,VCU Rams,Loyola Chicago Ramblers,87.6,66.8,-20.9,-20.9,154.4,,0.95,enhanced_model,VCU Rams
401829317,2026-01-31T03:00Z,Nevada Wolf Pack,UNLV Rebels,75.9,70.8,-5.2,-5.2,146.7,,0.758,enhanced_model,Nevada Wolf Pack
401812046,2026-01-31T17:00Z,William & Mary Tribe,Campbell Fighting Camels,84.5,76.9,-7.7,-7.7,161.4,,0.883,enhanced_model,William & Mary Tribe
401814546,2026-01-31T17:00Z,Toledo Rockets,Ball State Cardinals,81.6,74.7,-7.0,-7.0,156.3,,0.849,enhanced_model,Toledo Rockets
401820707,2026-01-31T17:00Z,Clemson Tigers,Pittsburgh Panthers,75.7,63.7,-12.0,-12.0,139.4,,0.95,enhanced_model,Clemson Tigers
401820712,2026-01-31T17:00Z,Virginia Tech Hokies,Duke Blue Devils,74.3,80.1,5.8,5.8,154.4,,0.792,enhanced_model,Duke Blue Devils
401822924,2026-01-31T17:00Z,Butler Bulldogs,Georgetown Hoyas,81.1,75.8,-5.3,-5.3,156.9,,0.766,enhanced_model,Butler Bulldogs
401822925,2026-01-31T17:00Z,Seton Hall Pirates,Marquette Golden Eagles,75.2,65.0,-10.2,-10.2,140.2,,0.95,enhanced_model,Seton Hall Pirates
401827653,2026-01-31T17:00Z,UCF Knights,Texas Tech Red Raiders,80.9,80.8,-0.1,-0.1,161.7,,0.507,enhanced_model,UCF Knights
401827654,2026-01-31T17:00Z,Houston Cougars,Cincinnati Bearcats,74.6,60.8,-13.7,-13.7,135.4,,0.95,enhanced_model,Houston Cougars
401808209,2026-01-31T18:00Z,Georgia Bulldogs,Texas A&M Aggies,91.2,86.4,-4.7,-4.7,177.6,,0.737,enhanced_model,Georgia Bulldogs
401809350,2026-01-31T18:00Z,The Citadel Bulldogs,UNC Greensboro Spartans,73.0,77.7,4.7,4.7,150.7,,0.737,enhanced_model,UNC Greensboro Spartans
401809351,2026-01-31T18:00Z,Western Carolina Catamounts,Samford Bulldogs,77.6,82.0,4.4,4.4,159.6,,0.721,enhanced_model,Samford Bulldogs
401812324,2026-01-31T18:00Z,Wagner Seahawks,Fairleigh Dickinson Knights,72.8,66.3,-6.5,-6.5,139.1,,0.824,enhanced_model,Wagner Seahawks
401812342,2026-01-31T18:00Z,Le Moyne Dolphins,Stonehill Skyhawks,71.6,67.2,-4.4,-4.4,138.8,,0.72,enhanced_model,Le Moyne Dolphins
401817647,2026-01-31T18:00Z,Purdue Fort Wayne Mastodons,Robert Morris Colonials,80.8,76.3,-4.5,-4.5,157.1,,0.726,enhanced_model,Purdue Fort Wayne Mastodons
401822926,2026-01-31T18:00Z,Xavier Musketeers,DePaul Blue Demons,77.7,73.1,-4.7,-4.7,150.8,,0.733,enhanced_model,Xavier Musketeers
401823779,2026-01-31T18:00Z,Utah State Aggies,San Diego State Aztecs,80.2,72.7,-7.5,-7.5,152.9,,0.874,enhanced_model,Utah State Aggies
401824391,2026-01-31T18:00Z,Army Black Knights,Holy Cross Crusaders,75.9,70.7,-5.2,-5.2,146.6,,0.762,enhanced_model,Army Black Knights
401830287,2026-01-31T18:00Z,Indiana State Sycamores,Valparaiso Beacons,74.9,72.9,-2.0,-2.0,147.8,,0.599,enhanced_model,Indiana State Sycamores
401820705,2026-01-31T18:30Z,Boston College Eagles,Virginia Cavaliers,65.6,74.4,8.8,8.8,140.0,,0.938,enhanced_model,Virginia Cavaliers
401807718,2026-01-31T19:00Z,North Florida Ospreys,Lipscomb Bisons,78.3,91.9,13.6,13.6,170.2,,0.95,enhanced_model,Lipscomb Bisons
401807719,2026-01-31T19:00Z,Stetson Hatters,North Alabama Lions,76.8,78.8,2.0,2.0,155.6,,0.6,enhanced_model,North Alabama Lions
401808214,2026-01-31T19:00Z,Oklahoma Sooners,Texas Longhorns,85.0,80.9,-4.2,-4.2,165.9,,0.708,enhanced_model,Oklahoma Sooners
401809349,2026-01-31T19:00Z,Mercer Bears,VMI Keydets,85.7,72.4,-13.3,-13.3,158.1,,0.95,enhanced_model,Mercer Bears
401809352,2026-01-31T19:00Z,Wofford Terriers,East Tennessee State Buccaneers,74.5,74.8,0.3,0.3,149.2,,0.514,enhanced_model,East Tennessee State Buccaneers
401812043,2026-01-31T19:00Z,Monmouth Hawks,Hofstra Pride,66.6,71.2,4.6,4.6,137.8,,0.731,enhanced_model,Hofstra Pride
401812044,2026-01-31T19:00Z,Towson Tigers,Hampton Pirates,68.4,65.2,-3.2,-3.2,133.5,,0.659,enhanced_model,Towson Tigers
401812045,2026-01-31T19:00Z,Drexel Dragons,North Carolina A&T Aggies,72.4,66.9,-5.5,-5.5,139.3,,0.776,enhanced_model,Drexel Dragons
401812047,2026-01-31T19:00Z,Northeastern Huskies,Charleston Cougars,78.4,79.7,1.3,1.3,158.2,,0.566,enhanced_model,Charleston Cougars
401812138,2026-01-31T19:00Z,UMass Lowell River Hawks,Maine Black Bears,73.2,65.5,-7.8,-7.8,138.7,,0.888,enhanced_model,UMass Lowell River Hawks
401812140,2026-01-31T19:00Z,Bryant Bulldogs,New Hampshire Wildcats,70.5,67.2,-3.2,-3.2,137.7,,0.661,enhanced_model,Bryant Bulldogs
401812371,2026-01-31T19:00Z,Central Connecticut Blue Devils,Long Island University Sharks,77.9,67.1,-10.8,-10.8,145.0,,0.95,enhanced_model,Central Connecticut Blue Devils
401814551,2026-01-31T19:00Z,Buffalo Bulls,Ohio Bobcats,81.7,77.8,-3.9,-3.9,159.5,,0.695,enhanced_model,Buffalo Bulls
401820220,2026-01-31T19:00Z,Chicago State Cougars,Mercyhurst Lakers,62.2,71.1,8.9,8.9,133.4,,0.945,enhanced_model,Mercyhurst Lakers
401820709,2026-01-31T19:00Z,Georgia Tech Yellow Jackets,North Carolina Tar Heels,75.7,80.0,4.3,4.3,155.8,,0.715,enhanced_model,North Carolina Tar Heels
401820710,2026-01-31T19:00Z,Louisville Cardinals,SMU Mustangs,86.0,77.7,-8.4,-8.4,163.7,,0.918,enhanced_model,Louisville Cardinals
401823930,2026-01-31T19:00Z,Charleston Southern Buccaneers,Gardner-Webb Runnin' Bulldogs,92.9,73.4,-19.5,-19.5,166.3,,0.95,enhanced_model,Charleston Southern Buccaneers
401823932,2026-01-31T19:00Z,Presbyterian Blue Hose,Radford Highlanders,77.6,75.0,-2.5,-2.5,152.6,,0.626,enhanced_model,Presbyterian Blue Hose
401823933,2026-01-31T19:00Z,Winthrop Eagles,UNC Asheville Bulldogs,84.6,71.6,-12.9,-12.9,156.2,,0.95,enhanced_model,Winthrop Eagles
401824370,2026-01-31T19:00Z,Bucknell Bison,Boston University Terriers,70.1,74.0,3.9,3.9,144.2,,0.695,enhanced_model,Boston University Terriers
401825485,2026-01-31T19:00Z,Wisconsin Badgers,Ohio State Buckeyes,81.0,78.6,-2.3,-2.3,159.6,,0.617,enhanced_model,Wisconsin Badgers
401827652,2026-01-31T19:00Z,Arizona State Sun Devils,Arizona Wildcats,77.1,87.8,10.7,10.7,164.9,,0.95,enhanced_model,Arizona Wildcats
401828403,2026-01-31T19:00Z,George Washington Revolutionaries,Fordham Rams,79.9,69.3,-10.6,-10.6,149.2,,0.95,enhanced_model,George Washington Revolutionaries
401828675,2026-01-31T19:00Z,American University Eagles,Lafayette Leopards,75.6,66.5,-9.1,-9.1,142.2,,0.95,enhanced_model,American University Eagles
401829409,2026-01-31T19:00Z,Lehigh Mountain Hawks,Colgate Raiders,74.0,77.5,3.5,3.5,151.5,,0.673,enhanced_model,Colgate Raiders
401828405,2026-01-31T19:30Z,La Salle Explorers,Saint Joseph's Hawks,66.8,74.0,7.2,7.2,140.7,,0.859,enhanced_model,Saint Joseph's Hawks
401804909,2026-01-31T20:00Z,Missouri State Bears,Jacksonville State Gamecocks,71.8,70.5,-1.3,-1.3,142.3,,0.567,enhanced_model,Missouri State Bears
401805186,2026-01-31T20:00Z,UT Arlington Mavericks,California Baptist Lancers,70.2,67.1,-3.2,-3.2,137.3,,0.658,enhanced_model,UT Arlington Mavericks
401807717,2026-01-31T20:00Z,Jacksonville Dolphins,Florida Gulf Coast Eagles,75.4,74.9,-0.5,-0.5,150.3,,0.523,enhanced_model,Jacksonville Dolphins
401808493,2026-01-31T20:00Z,Weber State Wildcats,Idaho State Bengals,81.2,76.0,-5.2,-5.2,157.3,,0.759,enhanced_model,Weber State Wildcats
401808649,2026-01-31T20:00Z,UL Monroe Warhawks,Coastal Carolina Chanticleers,72.8,78.3,5.5,5.5,151.2,,0.775,enhanced_model,Coastal Carolina Chanticleers
401808652,2026-01-31T20:00Z,Southern Miss Golden Eagles,James Madison Dukes,75.5,73.1,-2.4,-2.4,148.6,,0.62,enhanced_model,Southern Miss Golden Eagles
401808653,2026-01-31T20:00Z,Arkansas State Red Wolves,Marshall Thundering Herd,83.7,81.1,-2.6,-2.6,164.8,,0.631,enhanced_model,Arkansas State Red Wolves
401818407,2026-01-31T20:00Z,South Dakota State Jackrabbits,Oral Roberts Golden Eagles,81.9,70.5,-11.3,-11.3,152.4,,0.95,enhanced_model,South Dakota State Jackrabbits
401820566,2026-01-31T20:00Z,Air Force Falcons,Fresno State Bulldogs,63.4,70.0,6.6,6.6,133.4,,0.831,enhanced_model,Fresno State Bulldogs
401823931,2026-01-31T20:00Z,Longwood Lancers,High Point Panthers,74.1,85.5,11.4,11.4,159.6,,0.95,enhanced_model,High Point Panthers
401808211,2026-01-31T20:30Z,Missouri Tigers,Mississippi State Bulldogs,82.9,75.6,-7.3,-7.3,158.5,,0.867,enhanced_model,Missouri Tigers
401814550,2026-01-31T20:30Z,Miami (OH) RedHawks,Northern Illinois Huskies,93.5,71.4,-22.0,-22.0,164.9,,0.95,enhanced_model,Miami (OH) RedHawks
401820713,2026-01-31T20:45Z,Wake Forest Demon Deacons,NC State Wolfpack,75.6,78.3,2.7,2.7,154.0,,0.634,enhanced_model,NC State Wolfpack
401804910,2026-01-31T21:00Z,Middle Tennessee Blue Raiders,Western Kentucky Hilltoppers,76.9,72.4,-4.6,-4.6,149.3,,0.729,enhanced_model,Middle Tennessee Blue Raiders
401805184,2026-01-31T21:00Z,Abilene Christian Wildcats,Southern Utah Thunderbirds,74.7,72.9,-1.8,-1.8,147.7,,0.59,enhanced_model,Abilene Christian Wildcats
401806466,2026-01-31T21:00Z,Tennessee Tech Golden Eagles,Little Rock Trojans,73.3,72.8,-0.4,-0.4,146.1,,0.521,enhanced_model,Tennessee Tech Golden Eagles
401808461,2026-01-31T21:00Z,Northern Colorado Bears,Eastern Washington Eagles,87.1,75.7,-11.5,-11.5,162.8,,0.95,enhanced_model,Northern Colorado Bears
401808650,2026-01-31T21:00Z,Louisiana Ragin' Cajuns,Georgia Southern Eagles,68.5,75.8,7.4,7.4,144.3,,0.868,enhanced_model,Georgia Southern Eagles
401809145,2026-01-31T21:00Z,Long Beach State Beach,Hawai'i Rainbow Warriors,71.4,77.5,6.1,6.1,148.9,,0.803,enhanced_model,Hawai'i Rainbow Warriors
401818406,2026-01-31T21:00Z,Denver Pioneers,Omaha Mavericks,83.3,81.2,-2.1,-2.1,164.6,,0.605,enhanced_model,Denver Pioneers
401820169,2026-01-31T21:00Z,Navy Midshipmen,Loyola Maryland Greyhounds,76.0,63.7,-12.3,-12.3,139.8,,0.95,enhanced_model,Navy Midshipmen
401820711,2026-01-31T21:00Z,Miami Hurricanes,California Golden Bears,80.0,73.0,-7.0,-7.0,153.0,,0.85,enhanced_model,Miami Hurricanes
401827028,2026-01-31T21:00Z,Alcorn State Braves,Southern Jaguars,68.1,82.5,14.3,14.3,150.6,,0.95,enhanced_model,Southern Jaguars
401827100,2026-01-31T21:00Z,Jackson State Tigers,Grambling Tigers,71.2,79.1,7.9,7.9,150.3,,0.893,enhanced_model,Grambling Tigers
401827119,2026-01-31T21:00Z,Alabama State Hornets,Bethune-Cookman Wildcats,79.9,73.5,-6.4,-6.4,153.5,,0.82,enhanced_model,Alabama State Hornets
401827657,2026-01-31T21:00Z,West Virginia Mountaineers,Baylor Bears,73.8,74.9,1.0,1.0,148.7,,0.552,enhanced_model,Baylor Bears
401828728,2026-01-31T21:00Z,Howard Bison,Norfolk State Spartans,73.8,68.5,-5.3,-5.3,142.3,,0.765,enhanced_model,Howard Bison
401830285,2026-01-31T21:00Z,Northern Iowa Panthers,Evansville Purple Aces,70.2,55.5,-14.7,-14.7,125.8,,0.95,enhanced_model,Northern Iowa Panthers
401806464,2026-01-31T21:30Z,Eastern Illinois Panthers,Southeast Missouri State Redhawks,66.9,70.1,3.2,3.2,137.0,,0.658,enhanced_model,Southeast Missouri State Redhawks
401806468,2026-01-31T21:30Z,Western Illinois Leathernecks,UT Martin Skyhawks,62.6,72.8,10.3,10.3,135.4,,0.95,enhanced_model,UT Martin Skyhawks
401807715,2026-01-31T21:30Z,West Georgia Wolves,Austin Peay Governors,74.4,82.9,8.5,8.5,157.2,,0.924,enhanced_model,Austin Peay Governors
401807716,2026-01-31T21:30Z,Central Arkansas Bears,Eastern Kentucky Colonels,82.3,77.4,-4.9,-4.9,159.6,,0.746,enhanced_model,Central Arkansas Bears
401808648,2026-01-31T21:30Z,Troy Trojans,App State Mountaineers,79.9,70.9,-9.0,-9.0,150.8,,0.95,enhanced_model,Troy Trojans
401812141,2026-01-31T21:30Z,Vermont Catamounts,NJIT Highlanders,76.2,62.8,-13.4,-13.4,139.0,,0.95,enhanced_model,Vermont Catamounts
401820480,2026-01-31T21:30Z,Texas A&M-Corpus Christi Islanders,Houston Christian Huskies,76.0,60.2,-15.7,-15.7,136.2,,0.95,enhanced_model,Texas A&M-Corpus Christi Islanders
401822773,2026-01-31T21:30Z,Coppin State Eagles,Morgan State Bears,71.2,77.5,6.3,6.3,148.7,,0.815,enhanced_model,Morgan State Bears
401823050,2026-01-31T21:30Z,Delaware State Hornets,Maryland Eastern Shore Hawks,66.3,63.1,-3.2,-3.2,129.5,,0.659,enhanced_model,Delaware State Hornets
401827655,2026-01-31T21:30Z,Kansas Jayhawks,BYU Cougars,76.7,77.0,0.2,0.2,153.7,,0.511,enhanced_model,BYU Cougars
401828402,2026-01-31T21:30Z,Richmond Spiders,Davidson Wildcats,74.1,69.2,-4.9,-4.9,143.3,,0.747,enhanced_model,Richmond Spiders
401829287,2026-01-31T21:30Z,South Carolina State Bulldogs,North Carolina Central Eagles,73.1,79.6,6.4,6.4,152.7,,0.822,enhanced_model,North Carolina Central Eagles
401804907,2026-01-31T22:00Z,Kennesaw State Owls,New Mexico State Aggies,80.4,77.0,-3.4,-3.4,157.4,,0.672,enhanced_model,Kennesaw State Owls
401805185,2026-01-31T22:00Z,Tarleton State Texans,Utah Tech Trailblazers,79.2,73.1,-6.1,-6.1,152.3,,0.804,enhanced_model,Tarleton State Texans
401808518,2026-01-31T22:00Z,Portland State Vikings,Montana State Bobcats,77.6,72.5,-5.1,-5.1,150.1,,0.753,enhanced_model,Portland State Vikings
401808654,2026-01-31T22:00Z,Texas State Bobcats,Old Dominion Monarchs,76.8,71.2,-5.6,-5.6,148.0,,0.779,enhanced_model,Texas State Bobcats
401808981,2026-01-31T22:00Z,Incarnate Word Cardinals,UT Rio Grande Valley Vaqueros,73.4,67.2,-6.1,-6.1,140.6,,0.807,enhanced_model,Incarnate Word Cardinals
401825483,2026-01-31T22:00Z,UCLA Bruins,Indiana Hoosiers,75.6,70.9,-4.6,-4.6,146.5,,0.731,enhanced_model,UCLA Bruins
401827205,2026-01-31T22:00Z,Alabama A&M Bulldogs,Florida A&M Rattlers,77.7,69.9,-7.8,-7.8,147.6,,0.889,enhanced_model,Alabama A&M Bulldogs
401827054,2026-01-31T22:30Z,Prairie View A&M Panthers,Texas Southern Tigers,82.4,74.7,-7.7,-7.7,157.0,,0.885,enhanced_model,Prairie View A&M Panthers
401808212,2026-01-31T23:00Z,South Carolina Gamecocks,LSU Tigers,76.0,77.0,1.0,1.0,153.1,,0.552,enhanced_model,LSU Tigers
401808714,2026-01-31T23:00Z,East Texas A&M Lions,Nicholls Colonels,70.5,76.5,6.0,6.0,146.9,,0.8,enhanced_model,Nicholls Colonels
401808910,2026-01-31T23:00Z,New Orleans Privateers,Northwestern State Demons,73.6,77.1,3.4,3.4,150.7,,0.671,enhanced_model,Northwestern State Demons
401808960,2026-01-31T23:00Z,Stephen F. Austin Lumberjacks,SE Louisiana Lions,76.3,58.8,-17.5,-17.5,135.1,,0.95,enhanced_model,Stephen F. Austin Lumberjacks
401812591,2026-01-31T23:00Z,Cornell Big Red,Pennsylvania Quakers,90.0,82.9,-7.1,-7.1,172.9,,0.857,enhanced_model,Cornell Big Red
401814548,2026-01-31T23:00Z,Massachusetts Minutemen,Eastern Michigan Eagles,79.3,71.0,-8.3,-8.3,150.4,,0.915,enhanced_model,Massachusetts Minutemen
401818405,2026-01-31T23:00Z,South Dakota Coyotes,North Dakota State Bison,78.7,84.9,6.2,6.2,163.7,,0.81,enhanced_model,North Dakota State Bison
401818542,2026-01-31T23:00Z,Columbia Lions,Princeton Tigers,78.6,67.3,-11.4,-11.4,145.9,,0.95,enhanced_model,Columbia Lions
401818561,2026-01-31T23:00Z,Brown Bears,Dartmouth Big Green,78.8,71.9,-6.8,-6.8,150.7,,0.842,enhanced_model,Brown Bears
401820706,2026-01-31T23:00Z,Syracuse Orange,Notre Dame Fighting Irish,74.2,68.3,-5.9,-5.9,142.5,,0.795,enhanced_model,Syracuse Orange
401820708,2026-01-31T23:00Z,Florida State Seminoles,Stanford Cardinal,78.8,78.9,0.1,0.1,157.7,,0.507,enhanced_model,Stanford Cardinal
401827144,2026-01-31T23:00Z,Mississippi Valley State Delta Devils,Arkansas-Pine Bluff Golden Lions,71.3,86.4,15.2,15.2,157.7,,0.95,enhanced_model,Arkansas-Pine Bluff Golden Lions
401827656,2026-01-31T23:00Z,Utah Utes,Oklahoma State Cowboys,84.9,85.0,0.0,0.0,169.9,,0.502,enhanced_model,Oklahoma State Cowboys
401828204,2026-01-31T23:00Z,Charlotte 49ers,Rice Owls,76.0,74.7,-1.4,-1.4,150.7,,0.569,enhanced_model,Charlotte 49ers
401829222,2026-01-31T23:00Z,San Diego Toreros,Oregon State Beavers,75.7,72.2,-3.5,-3.5,148.0,,0.675,enhanced_model,San Diego Toreros
401829224,2026-01-31T23:00Z,Washington State Cougars,Portland Pilots,78.0,73.9,-4.1,-4.1,151.9,,0.703,enhanced_model,Washington State Cougars
401830228,2026-01-31T23:00Z,Drake Bulldogs,Bradley Braves,76.2,71.1,-5.1,-5.1,147.3,,0.754,enhanced_model,Drake Bulldogs
401808207,2026-01-31T23:30Z,Arkansas Razorbacks,Kentucky Wildcats,84.6,81.9,-2.7,-2.7,166.6,,0.635,enhanced_model,Arkansas Razorbacks
401828404,2026-01-31T23:30Z,St. Bonaventure Bonnies,George Mason Patriots,72.5,74.2,1.7,1.7,146.7,,0.584,enhanced_model,George Mason Patriots
401808881,2026-02-01T00:00Z,Lamar Cardinals,McNeese Cowboys,69.9,73.8,3.9,3.9,143.6,,0.695,enhanced_model,McNeese Cowboys
401812042,2026-02-01T00:00Z,Elon Phoenix,Stony Brook Seawolves,82.1,72.4,-9.7,-9.7,154.5,,0.95,enhanced_model,Elon Phoenix
401812139,2026-02-01T00:00Z,UAlbany Great Danes,UMBC Retrievers,73.8,73.7,-0.1,-0.1,147.4,,0.504,enhanced_model,UAlbany Great Danes
401812395,2026-02-01T00:00Z,Saint Francis Red Flash,New Haven Chargers,68.4,72.4,3.9,3.9,140.8,,0.697,enhanced_model,New Haven Chargers
401812618,2026-02-01T00:00Z,Yale Bulldogs,Harvard Crimson,80.9,67.0,-13.9,-13.9,147.9,,0.95,enhanced_model,Yale Bulldogs
401814547,2026-02-01T00:00Z,Central Michigan Chippewas,Bowling Green Falcons,71.9,85.8,13.9,13.9,157.7,,0.95,enhanced_model,Bowling Green Falcons
401825484,2026-02-01T00:00Z,USC Trojans,Rutgers Scarlet Knights,81.9,69.9,-12.0,-12.0,151.8,,0.95,enhanced_model,USC Trojans
401830286,2026-02-01T00:00Z,Southern Illinois Salukis,UIC Flames,73.8,73.0,-0.8,-0.8,146.8,,0.542,enhanced_model,Southern Illinois Salukis
401808478,2026-02-01T01:00Z,Northern Arizona Lumberjacks,Idaho Vandals,72.4,76.5,4.1,4.1,148.9,,0.703,enhanced_model,Idaho Vandals
401808651,2026-02-01T01:00Z,South Alabama Jaguars,Georgia State Panthers,75.1,66.9,-8.2,-8.2,142.0,,0.908,enhanced_model,South Alabama Jaguars
401809095,2026-02-01T01:00Z,Cal State Northridge Matadors,UC San Diego Tritons,78.2,81.2,3.0,3.0,159.4,,0.649,enhanced_model,UC San Diego Tritons
401809160,2026-02-01T01:00Z,UC Riverside Highlanders,Cal Poly Mustangs,81.3,80.5,-0.8,-0.8,161.9,,0.54,enhanced_model,UC Riverside Highlanders
401822923,2026-02-01T01:00Z,Creighton Bluejays,UConn Huskies,70.3,73.7,3.3,3.3,144.0,,0.667,enhanced_model,UConn Huskies
401825482,2026-02-01T01:00Z,Northwestern Wildcats,Washington Huskies,75.6,73.7,-1.9,-1.9,149.4,,0.596,enhanced_model,Northwestern Wildcats
401828203,2026-02-01T01:00Z,North Texas Mean Green,UAB Blazers,72.0,72.6,0.6,0.6,144.6,,0.53,enhanced_model,UAB Blazers
401828205,2026-02-01T01:00Z,Temple Owls,South Florida Bulls,79.9,78.6,-1.3,-1.3,158.6,,0.565,enhanced_model,Temple Owls
401830209,2026-02-01T01:00Z,Belmont Bruins,Murray State Racers,82.4,79.2,-3.2,-3.2,161.7,,0.66,enhanced_model,Belmont Bruins
401808210,2026-02-01T01:30Z,Ole Miss Rebels,Vanderbilt Commodores,75.4,79.8,4.4,4.4,155.2,,0.719,enhanced_model,Vanderbilt Commodores
401808213,2026-02-01T01:30Z,Tennessee Volunteers,Auburn Tigers,84.2,76.6,-7.5,-7.5,160.8,,0.876,enhanced_model,Tennessee Volunteers
401804911,2026-02-01T02:00Z,UTEP Miners,Delaware Blue Hens,69.8,65.9,-3.9,-3.9,135.7,,0.697,enhanced_model,UTEP Miners
401823181,2026-02-01T02:00Z,UC Santa Barbara Gauchos,Cal State Fullerton Titans,84.2,75.8,-8.4,-8.4,159.9,,0.92,enhanced_model,UC Santa Barbara Gauchos
401829226,2026-02-01T02:00Z,Loyola Marymount Lions,Santa Clara Broncos,71.7,79.7,7.9,7.9,151.4,,0.897,enhanced_model,Santa Clara Broncos
401809131,2026-02-01T02:30Z,Cal State Bakersfield Roadrunners,UC Davis Aggies,73.7,79.0,5.3,5.3,152.6,,0.766,enhanced_model,UC Davis Aggies
401830825,2026-02-01T02:30Z,Wyoming Cowboys,Colorado State Rams,73.6,71.9,-1.7,-1.7,145.5,,0.583,enhanced_model,Wyoming Cowboys
401804908,2026-02-01T03:00Z,Sam Houston Bearkats,Louisiana Tech Bulldogs,74.3,67.9,-6.4,-6.4,142.1,,0.821,enhanced_model,Sam Houston Bearkats
401808507,2026-02-01T03:00Z,Sacramento State Hornets,Montana Grizzlies,78.8,81.2,2.4,2.4,160.0,,0.619,enhanced_model,Montana Grizzlies
401829223,2026-02-01T03:00Z,San Francisco Dons,Pacific Tigers,74.2,70.2,-4.0,-4.0,144.4,,0.702,enhanced_model,San Francisco Dons
401829330,2026-02-01T03:00Z,San José State Spartans,New Mexico Lobos,67.7,79.9,12.2,12.2,147.6,,0.95,enhanced_model,New Mexico Lobos
401829225,2026-02-01T03:30Z,Gonzaga Bulldogs,Saint Mary's Gaels,81.2,69.4,-11.9,-11.9,150.6,,0.95,enhanced_model,Gonzaga Bulldogs
401828406,2026-02-01T17:00Z,Duquesne Dukes,Rhode Island Rams,75.3,71.0,-4.3,-4.3,146.3,,0.714,enhanced_model,Duquesne Dukes
401808208,2026-02-01T18:00Z,Florida Gators,Alabama Crimson Tide,92.6,86.5,-6.1,-6.1,179.1,,0.805,enhanced_model,Florida Gators
401809348,2026-02-01T18:00Z,Furman Paladins,Chattanooga Mocs,76.8,72.5,-4.3,-4.3,149.3,,0.717,enhanced_model,Furman Paladins
401813365,2026-02-01T18:00Z,Canisius Golden Griffins,Siena Saints,60.4,69.3,8.9,8.9,129.7,,0.947,enhanced_model,Siena Saints
401823753,2026-02-01T18:00Z,Merrimack Warriors,Sacred Heart Pioneers,72.0,66.9,-5.1,-5.1,138.9,,0.755,enhanced_model,Merrimack Warriors
401825486,2026-02-01T18:00Z,Maryland Terrapins,Purdue Boilermakers,70.2,81.6,11.3,11.3,151.8,,0.95,enhanced_model,Purdue Boilermakers
401813315,2026-02-01T19:00Z,Mount St. Mary's Mountaineers,Manhattan Jaspers,73.3,69.9,-3.4,-3.4,143.2,,0.67,enhanced_model,Mount St. Mary's Mountaineers
401813338,2026-02-01T19:00Z,Niagara Purple Eagles,Marist Red Foxes,58.2,69.9,11.7,11.7,128.1,,0.95,enhanced_model,Marist Red Foxes
401817649,2026-02-01T19:00Z,Green Bay Phoenix,Wright State Raiders,74.5,77.3,2.8,2.8,151.8,,0.64,enhanced_model,Wright State Raiders
401820591,2026-02-01T19:00Z,Fairfield Stags,Quinnipiac Bobcats,76.5,73.0,-3.5,-3.5,149.6,,0.675,enhanced_model,Fairfield Stags
401823850,2026-02-01T19:00Z,Rider Broncs,Saint Peter's Peacocks,60.1,71.6,11.6,11.6,131.7,,0.95,enhanced_model,Saint Peter's Peacocks
401825489,2026-02-01T19:00Z,Penn State Nittany Lions,Minnesota Golden Gophers,71.7,70.9,-0.8,-0.8,142.6,,0.542,enhanced_model,Penn State Nittany Lions
401827658,2026-02-01T19:00Z,Colorado Buffaloes,TCU Horned Frogs,75.9,77.0,1.0,1.0,152.9,,0.552,enhanced_model,TCU Horned Frogs
401827659,2026-02-01T19:00Z,Kansas State Wildcats,Iowa State Cyclones,75.6,82.5,7.0,7.0,158.1,,0.848,enhanced_model,Iowa State Cyclones
401828206,2026-02-01T19:00Z,Florida Atlantic Owls,East Carolina Pirates,86.6,68.5,-18.1,-18.1,155.1,,0.95,enhanced_model,Florida Atlantic Owls
401828208,2026-02-01T19:00Z,Tulsa Golden Hurricane,Wichita State Shockers,82.9,74.4,-8.5,-8.5,157.3,,0.923,enhanced_model,Tulsa Golden Hurricane
401829482,2026-02-01T19:00Z,St. Thomas-Minnesota Tommies,Kansas City Roos,89.3,67.6,-21.7,-21.7,156.9,,0.95,enhanced_model,St. Thomas-Minnesota Tommies
401817648,2026-02-01T20:00Z,Oakland Golden Grizzlies,Northern Kentucky Norse,82.4,83.4,1.0,1.0,165.8,,0.55,enhanced_model,Northern Kentucky Norse
401817650,2026-02-01T20:00Z,Milwaukee Panthers,Cleveland State Vikings,84.4,77.0,-7.4,-7.4,161.3,,0.871,enhanced_model,Milwaukee Panthers
401828207,2026-02-01T20:00Z,Memphis Tigers,Tulane Green Wave,72.8,70.2,-2.6,-2.6,143.0,,0.631,enhanced_model,Memphis Tigers
401825487,2026-02-01T21:00Z,Nebraska Cornhuskers,Illinois Fighting Illini,75.1,72.2,-2.9,-2.9,147.3,,0.644,enhanced_model,Nebraska Cornhuskers
401825488,2026-02-02T01:00Z,Oregon Ducks,Iowa Hawkeyes,67.5,74.7,7.1,7.1,142.2,,0.856,enhanced_model,Iowa Hawkeyes
